
{
    "comment" : "This file is used to help set default values when using the dotnet CLI extension Amazon.ElasticBeanstalk.Tools. For more information run \"dotnet eb --help\" from the project root.",
    "profile" : "MyDotNetUser",
    "region"  : "us-west-2",
    "application" : "AWSTestAPP",
    "environment" : "AWSTestAPP-prod",
    "cname"       : "birendrarajan",
    "solution-stack" : "64bit Windows Server Core 2019 v2.5.9 running IIS 10.0",
    "environment-type" : "LoadBalanced",
    "service-role"     : "aws-elasticbeanstalk-service-role",
    "health-check-url" : "/",
    "instance-type"    : "t2.micro",
    "key-pair"         : "kp12sepbkrajan",
    "iis-website"      : "Default Web Site",
    "app-path"         : "/",
    "enable-xray"      : false
}