
{
    "comment" : "This file is used to help set default values when using the dotnet CLI extension Amazon.ElasticBeanstalk.Tools. For more information run \"dotnet eb --help\" from the project root.",
    "profile" : "MyDotNetUser",
    "region"  : "us-west-2",
    "application" : "AWSTestAPP",
    "environment" : "AWSTestAPP-prod",
    "cname"       : "birendrarajan",
    "solution-stack" : "64bit Amazon Linux 2 v2.0.2 running .NET Core",
    "environment-type" : "SingleInstance",
    "service-role"     : "aws-elasticbeanstalk-service-role",
    "health-check-url" : "/",
    "instance-type"    : "t3a.medium",
    "key-pair"         : "kp12sepbkrajan",
    "iis-website"      : "Default Web Site",
    "app-path"         : "/",
    "enable-xray"      : false,
    "configuration"    : "Debug",
    "framework"        : "netcoreapp3.1",
    "self-contained"   : false,
    "enhanced-health-type" : "basic",
    "additional-options"   : "",
    "instance-profile"     : "aws-elasticbeanstalk-ec2-role",
    "proxy-server"         : "none"
}